{
    "feature_names": [
        "bpm",
        "mean_rr",
        "sdnn",
        "rmssd",
        "pnn50",
        "cv_rr",
        "min_rr",
        "max_rr",
        "nn50"
    ],
    "seq_len": 7,
    "n_features": 9,
    "norm_mean": [
        81.10848999023438,
        775.4901123046875,
        68.43656158447266,
        52.6396598815918,
        22.497386932373047,
        8.739767074584961,
        641.8340454101562,
        957.4522094726562,
        15.573648452758789
    ],
    "norm_std": [
        18.978307723999023,
        158.70838928222656,
        35.43991470336914,
        49.21501922607422,
        19.118675231933594,
        4.022409915924072,
        128.618896484375,
        209.85415649414062,
        11.548165321350098
    ],
    "threshold": 0.7,
    "label_map": {
        "0": "non-stress",
        "1": "stress"
    }
}
